singer,song_name
老圈c, 雨過了天晴
陳妍臻, Thinking of you
Alan Walker, Time(Alan Walker Remix)
Alan Walker," Alone, Pt. II"
Alan Walker, Man On The Moon
馮光, 九九八十一
Next☆Rico, 最後にズルいよ
Alan Walker, Paradise
Alan Walker, Out Of Love
Alan Walker, Sorry
Alan Walker, Red Nexus Rising - Interlude
Alan Walker, Fake A Smile
Alan Walker, On My Way
Alan Walker, Drone Wars -(Instrumental)
Alan Walker, World We Used To Know
Alan Walker, Hummell Gets The Rockets(Alan Walker Remix)
Alan Walker, Heading Home
Alan Walker, OK
劉瑞琦, 抽獎
BiS, 柏木由紀なりのBiS-ANYTiME ANYTHiNG-
Alan Walker, Not You
EXILE ATSUSHI, I always love you ～いつもそばに～
EGOIST, Tonight Tonight
EGOIST, BANG!!!
林俊傑, After The Rain
WON, ありきたり
13月終了, 序
13月終了, 彎彎夜星
13月終了, 終
羅賓文, 成功回故鄉
ASP, 柏木由紀なりのASP-AGAiNST THE WORLD-
羅賓文, 神奇的馬
羅賓文, 香吻
羅賓文, 樣樣都起價
羅賓文, 出外靠朋友
羅賓文, 全都是為了你
羅賓文, 客家人係有料
羅賓文, 奉獻
羅賓文, 不敢說愛你
羅賓文, 堅持
羅賓文, 我問天
羅賓文, 迷魂香
蘇子, 檳城是個好地方
蘇子, 思鄉
蘇子, 尋
蘇子, 一個人的寂寞二個人的錯
蘇子, 愛人吹喇叭
蘇子, 想念你
蘇子, 為什麼愛上你
蘇子, 迴
蘇子, 我的要求並不高
蘇子, 是你犯的錯
蘇子, 灌醉
蘇子, 真情
孫北北, 乘客
PARADISES, 柏木由紀なりのPARADISES-夏のバカヤロー-
GO TO THE BEDS, 柏木由紀なりのGO TO THE BEDS-TRUE SONG-
豆柴の大群, 柏木由紀なりの豆柴の大群-ずっと気になるズッキーニ-
Nosleep Child, 白鹿與鯨
EMPiRE, 柏木由紀なりのEMPiRE-時間が足りない-
陳寶雯, 曙光
張鈺琪, Golden Gate(Babychair Remix)
張鈺琪, Sad Song For The Future
兩次元睡不醒, 再一次互相擁吻
劉蘊晴, Good night mama
趙喜茗, What's Your Dream
吉岡聖恵, まっさら
THE BEAT GARDEN, ROMANCE
ナナヲアカリ, 学校だるい学校だるい学校だるい
丁童, 狠不下心捨不得你
血みどろバニーちゃん, あゝ荒野
雲菲菲, 愛的俘虜
林昱志, 明天的太陽
Doudou, 不如我們換上搖粒絨
張丹鋒, 孤述
y1fun9, 還沒發送的訊息outro
宇多田ヒカル, 君に夢中
HAYA樂團, 我有我的樣
張銘峰, 還有一種語言
Dios, ダークルーム
張銘峰, 翱翔
張銘峰, 我們來了
高萱, 愛喲
香蕉俱樂部, Last Kiss
香蕉俱樂部, Lucy
香蕉俱樂部, 香蕉俱樂部
香蕉俱樂部, 天然呆
香蕉俱樂部, 周末派對
Sean Oshima, 君を見つけた -Found You- feat.FiJA
JYA☆PON, つかめ！アメリカンドリーム
Ayumu Imazu, ACCHI KOCCHI
eijun, くたくた (feat. さかな)
あべりょう, 変われない人は買われない人
あべりょう, フィトンチッドの風
KNOCK OUT MONKEY, Laying down the rails
萬芳, 誰
崔子格, 在下先告辭
陸子謙, 一路風光
Chatty, Bed sweetheart
堀内まり菜, さくら色のメロディー
Annie, How ?
阮禾茜, Intro：Mutiny Of The Souls 靈魂的叛變
阮禾茜, Fallin4U;去你的世界
陳昇, 沙堤日記
伊東歌詞太郎, TEL-L
C AllStar, 進入元宇宙
C AllStar, 黃昏與黎明之間
um-hum, meme
DEEP SQUAD, そんなことキミに言えない
王曉敏, Don't Hate Me
夏依薇, 訴
麻倉まりな, 冬花火
蘇太爺, 我吹過你吹過的風 這算不算相擁
魏宏宇, 船夫
胡燁韜, 聽呀
呂罰, Turn Your Back
呂罰, Brownies
呂罰, Let Me Fuck You
呂罰, 聽我說
呂罰, 紐約台北
呂罰, 來我家
指尖笑, 寸傷
未完成モノローグ, ハイド&シークレット
MONSTA X, Rush Hour
MONSTA X, Ride with U
MONSTA X, Autobahn
MONSTA X, Got me in chains
MONSTA X, Just love
MONSTA X, Mercy
MONSTA X, I got love
SF9, Memory
SF9, Trauma
SF9, Dreams
SF9, Gentleman
SF9, On And On(暫別)
SF9, Scenario
SF9, For Fantasy
秦文音, 殘陽訣
崔栩維, 世上只有媽媽好
Novelbright, ワンルーム
Helsinki Lambda Club, ベニエ
りぶ, Marygold -ribive-
りぶ, サリシノハラ
りぶ, 気まぐれスターダム
りぶ, ヨンジュウナナ
りぶ, 秘密遊戯
りぶ, ロベリア
りぶ, 不可侵領域デストロイヤー
りぶ, 人生は吠える
りぶ, 朝焼けの狙撃手
STEREO DIVE FOUNDATION, TRISTAR
STEREO DIVE FOUNDATION, Closer than friends
Eden, EXCEED
古川本舗, Ordinaries
Taro Ishida," X'mas wreath feat asmi ,A夏目"
minan," all-rounder feat. Rachel (chelmico), valknee"
minan, Tell Me What You Want
minan, Dress Down
minan, ttyl feat. kim taehoon
トキメロ, ミライヘノ旅
トキメロ, 元気ですか
トキメロ, 80ロック
神谷志龍, 正気じゃいられない
神谷志龍, 空っぽに満ちた獣
神谷志龍, 美しき無常
嶋幸二, 紀州の漁師
卓真, 軍艦少年
ソウルズ, feel
卓真, アゲハ
ケプラ, YOUTH
HALLCA, Precious Flight
HALLCA, Pink Medicine
HALLCA, Labyrinth
HALLCA, Fall Back Asleep
HALLCA, Twisted Rainbow
et-アンド-, Blue bird
et-アンド-, BIBIBI
R+..., アフォリズム
fusen, 薄灯
ありもとねこ。, 恵みの雨
ありもとねこ。, 踊れ☆ファンキーガール
Uniolla, A perfect day
Uniolla, 無重力
Uniolla, 絶対
Uniolla, Trapeze
Uniolla, Sputnik love
Uniolla, 手探り
Uniolla, Knock
Uniolla, No pain
Uniolla, どうしても
Uniolla, あしたの風
ao, you too
松本千夏, さえたろう
Penthouse, Jukebox Driver
Penthouse, Alright
Penthouse, ...恋に落ちたら
Penthouse, Fireplace
青く滲んだ月の行方, 途方
ikII, PlayBall_A
手越祐也, ONE LIFE
mekakushe, Nostalgia
mekakushe, デイドリーム
Liella!, Shooting Voice!!
新聲主義, 醉逍遙
Double Ace, No Coincidence
Double Ace," Let's go, now"
AB6IX, BREATHE -Japanese ver.-
AB6IX, HOLLYWOOD -English ver.-
BALLISTIK BOYZ from EXILE TRIBE, Day Dreaming
ゆいにしお, pool mood
ゆいにしお, 塩
羊文学, 1999 (English ver.)
ゆいにしお, tasty tasks
22/7, いつの間にSunrise
Panorama Panama Town, Kingʼs Eyes
Panorama Panama Town, Strange Days
Panorama Panama Town, 100yen coffee
Age Factory, OVER
Panorama Panama Town, Melody Lane
Aqours, not ALONE not HITORI
Age Factory, Say no more
Age Factory, My own world
Age Factory, Feel like shit today
Age Factory, SKY
Age Factory, AXL feat.JUBEE
Age Factory, Light off feat.JESSE
Age Factory, Sleep under star
Age Factory, Pure Blue
Age Factory, Blink
M!LK, Ribbon
M!LK, 夢路
FES☆TIVE, 新・奇天烈物語
大木あつし, 酒場のホタル
FES☆TIVE, YURARI
FES☆TIVE, ゴートゥーフェス☆ 2021
忌野清志郎, 花はどこへ行った
石原夏織, Starcast
忌野清志郎, 真冬のサイクリング
石原夏織, わざと触れた。
カジヒデキ, クレールの膝
山崎あおい, サボタージュ
MAN WITH A MISSION, Thunderstruck
パスピエ, PLAYER
Chage, クリスマス予報
MAN WITH A MISSION, Merry-Go-Round
MAN WITH A MISSION, Change the World
MAN WITH A MISSION, Telescope
MAN WITH A MISSION, Subliminal
MAN WITH A MISSION, Between fiction and frictionI
MAN WITH A MISSION, クラクション・マーク
MAN WITH A MISSION, Break and Cross the Walls
MAN WITH A MISSION, INTO THE DEEP
MAN WITH A MISSION, Remember Me
MAN WITH A MISSION, 86 Missed Calls feat. Patrick Stump
MAN WITH A MISSION, Anonymous
MAN WITH A MISSION, evergreen
羽多野渉, Breakers
土岐麻子, close to you
土岐麻子, travellers
土岐麻子, Calling
土岐麻子, ドア
土岐麻子, Mirrors
土岐麻子, birthday song
w-inds., Little
w-inds., Strip
w-inds., EXIT
w-inds., With You
w-inds., Beautiful Now
w-inds., Get Down(20XX version)
w-inds., Distance
Broken my toybox, かつては少年少女
顏人中, 是誰
HYDE, FINAL PIECE
孫方, 無盡的黑夜
眩暈SIREN, しじま
眩暈SIREN, 夕立ち
眩暈SIREN, 群青
眩暈SIREN, 群青
眩暈SIREN, image_____
眩暈SIREN, 結末は日暮れの矛盾
虹ヶ咲学園スクールアイドル同好会, ミラクル STAY TUNE！
眩暈SIREN, アザヤカナ
眩暈SIREN, 結末は日暮れの矛盾
ukka, MORE!×3
足立佳奈, なんかさ
足立佳奈, This is a Love Story
足立佳奈, Film
足立佳奈, おやすみ
足立佳奈, 朝になったら削除します
足立佳奈, まちぼうけ
足立佳奈, ライオンの居場所
color-code, make a wish
河口恭吾, come back to me
河口恭吾, 明日は晴れるだろう
河口恭吾, 夜を汚して
河口恭吾, 涙がこぼれる
河口恭吾, Stay Blue (feat. 川崎鷹也)
河口恭吾, ヘアゴムとアイライン
フジファブリック, 音の庭
フジファブリック, 君を見つけてしまったから
吉幾三, ふるさとチョイス
吉幾三, ふるさとチョイス～青森ラップ入りバージョン～
純情のアフィリア, My Life is Beautiful
UVERworld, イーティー
スキマスイッチ, G.A.M.E.
スキマスイッチ, 風がめくるページ
スキマスイッチ, フォークで恋して
スキマスイッチ, OverDriver
スキマスイッチ, あけたら
スキマスイッチ, 吠えろ！
スキマスイッチ, 青春
スキマスイッチ, されど愛しき人生
ザ・クロマニヨンズ, もぐらとボンゴ
スキマスイッチ, 東京
鈴村健一, いとの予感 (Instrumental)
ザ・クロマニヨンズ, 冬のくわがた
鈴村健一, brand new
鈴村健一, リズム
鈴村健一, turn on a radio
May'n, シキザクラ
鈴村健一, また会える
Hey! Say! JUMP, Break The Wall
Hey! Say! JUMP, ハローメロディ
Hey! Say! JUMP, モノローグ
Hey! Say! JUMP, ASAP!
湧, 魔法を教えて
uami, mukashi
uami, 弾けて
uami, はるのめざめ
uami, 湿室
uami, 在処
uami, 灰の在処
uami, dress
小林柊矢, 君のいない初めての冬
GOMESS & Yackle, Lost Planet (feat. KERENMI)
NiziU, Chopstick
NiziU, Make you happy
NiziU, Wonder Dream
NiziU, Twinkle Twinkle
NiziU, Poppin' Shakin'
NiziU, Step and a step
NiziU, Chopstick
@onefive, Underground
yama, Oz.
yama, スモーキーヒロイン
Little Parade, 風の斬り方
Little Parade, 置き去りの鉛筆
Little Parade, 太陽と土と花水木
諏訪ななか, 記憶ファンタジック
諏訪ななか, ノスタルジック・キネマ
アイナ・ジ・エンド, 神様
諏訪ななか, Holy holiday
諏訪ななか, ふれてみたい
アイナ・ジ・エンド, はっぴーばーすでー
るぅと, 君と僕のストーリー - Birthday Ver.
奈良彩可, 女追分渡り鳥
奈良彩可, 前向き人生
六本木ヒロシ, 拍手
ハンブレッダーズ, 再生
ハンブレッダーズ, ガチャガチャ
ハンブレッダーズ, STILL DREAMING
ハンブレッダーズ, スローモーション
ハンブレッダーズ, 天国
ハンブレッダーズ, プロポーズ
ハンブレッダーズ, ワールドイズマイン
リーガルリリー, チェインスモーク
リーガルリリー, アルケミラ
Luce Twinkle Wink☆, Shiny flower
Luce Twinkle Wink☆, ちょいViVi
Luce Twinkle Wink☆, ターミナル ～僕ら、あるべき場所～
mol-74, 光と塵
mol-74, Vanilla
mol-74, Replica Instrumental
吳業坤, 我是王
黃奕儒, First Poem
蘇嬿子, 看破人生
瘋曉沫, 幻想
王以太, BIG TIME
RADWIMPS, SHIWAKUCHA feat.Awich
RADWIMPS, 匿名希望
RADWIMPS, 桃源郷
RADWIMPS, MAKAFUKA
RADWIMPS, うたかた歌 feat.菅田将暉
RADWIMPS, グランドエスケープ
RADWIMPS, 犬じゃらし
RADWIMPS, かたわれ
RADWIMPS, 鋼の羽根
海生, 人生自古誰無愁
ORβIT, Shady
ORβIT, Eclipse
ORβIT, Forever
ORβIT, With
鄭公子, 強顏歡笑
西山公, 抱抱好好
徐磊, 還不結婚
ねねこ。, みんな
西奧Sio, 牛逼
魏新雨, 躲不過寂寞的男人女人
司徒蘭芳, 別讓誓言變成謊言
侯旭, 忘不掉昨天
四川雨澤, 咖啡不加糖
もさを。, カラメル
Longie Zhu, Bus of 1am
Longie Zhu, 深夜那班車
Tacitly, 夢を見て生きている
Tacitly, Dreaming All Alone
薬師丸ひろ子, 探偵物語
薬師丸ひろ子, 元気を出して
薬師丸ひろ子, ささやきのステップ
薬師丸ひろ子, 胸の振子
薬師丸ひろ子, 時代
薬師丸ひろ子, 手をつないでいて
薬師丸ひろ子, 風に乗って
薬師丸ひろ子, Love holic
薬師丸ひろ子, 交叉点 ～そう それがそう～
薬師丸ひろ子, Smile スマイル smile
薬師丸ひろ子, 僕の宝物
薬師丸ひろ子, めぐり逢い
薬師丸ひろ子, 窓
薬師丸ひろ子, アナタノコトバ
薬師丸ひろ子, Come Back To Me ～永遠の横顔
薬師丸ひろ子, 夢で逢えたら
薬師丸ひろ子, 紫の花火
薬師丸ひろ子, 帰り路
薬師丸ひろ子, つぶやきの音符
薬師丸ひろ子, トゥモロー
薬師丸ひろ子, 白い散歩道
薬師丸ひろ子, アンフィニ
薬師丸ひろ子, スロー・バラード
薬師丸ひろ子, アドレサンス(十代後期)
薬師丸ひろ子, 今日がはじまるなら
薬師丸ひろ子, エトワール
薬師丸ひろ子, 潮騒のメモリー(Live)
周蕊麗, SO星福年
66最可愛, 陪伴你
杜雨宸, 凄凄
郭銳, 小丑
張詩莉, 閨蜜的話
JFJ, Summer In The Town
莫思旖, 盛裝出席
P1X3L, Just Lean On Me
大事MANブラザーズ 立川俊之, Let It Snow! Let It Snow! Let It Snow!
大事MANブラザーズ 立川俊之, Happy Christmas And Happy Birthday
Tate McRae, Feel Like Shit
大事MANブラザーズ 立川俊之, The Christmas Song
大事MANブラザーズ 立川俊之, White Christmas
大事MANブラザーズ 立川俊之, Have Yourself A Merry Little Christmas
大事MANブラザーズ 立川俊之, We Wish You A Merry Christmas
大事MANブラザーズ 立川俊之, Under The Christmas Tree -2021Remix-
Adele, Strangers By Nature
Adele, Easy On Me
Adele, My Little Love
Adele, Cry Your Heart Out
Adele, Oh My God
Adele, I Drink Wine
Adele, Can I Get It
Adele, All Night Parking(With Erroll Garner) Interlude
Adele, Woman Like Me
Adele, To Be Loved
Adele, Hold On
Adele, Love Is A Game
QQ Brothers, 偏執
陶冶abouT-y, Don't  Slow Down
陳翰, 最終成為不想成為的人
陳翰, 世代迷航
陳翰, 你不懂
あわや一門, 一元生
∥ネコプラ∥, 冒険少女
粗品, 大好きな太鼓の音 feat. どんちゃん
OBP, ギャク結論
NIO, On The Horizon
NIO, I Know We'll Get By
ウソツキ, 響
ウソツキ, ギャラクシーロマンス
ウソツキ, ERAI
Steve Aoki, Equal In The Darkness(Steve Aoki Character X Version)
chelmico, 三億円
Fishdoll, K'un(坤)
Fishdoll, Keep It Going(延續)
Fishdoll, Remember It's Just a Dream(夢而已)
Fishdoll, We Are All The Same(眾平)
Fishdoll, Plastic Ocean(塑洋)
Fishdoll, Outro(尾語)
柏重生, 陪著你
婷婷姐姐, 白馬西風塞上(名聯集唱)
鈴木鈴木, ホワイトキス
茅原実里, Re:Contact
88rising, Split
茅原実里, Sing
K, Touchdown feat.VILLSHANA
ビリケンブラザーズ, キャプテン
林家たい平, 夜明けの散歩
林家たい平, ゴルフは楽し
ビリケンブラザーズ, Good morning Blues
ビリケンブラザーズ, ガタゴトシーソー
神納姆, 大皮坡
神納姆, 趕場
上田桃夏, 線香花火
上田桃夏, おたまじゃくし
ほんわかかな, 人と旅と笑顔、想い出アルバム
シンデレラ宣言！, はにかみサンセット
BADNIGHT, Butterfly
BADNIGHT, Siren
葵乃まみ, 絶景未来
YABI×YABI, Tong Ching Kahn
Vivid BAD SQUAD, シネマ
Vivid BAD SQUAD, RAD DOGS
Hainuwell, GEAR
Mr.FanTastiC, グッドラック
Blue Vintage, アルゴリズム feat. SALU
Mr.FanTastiC, スーパームーン
つばきファクトリー, ガラクタDIAMOND
キタコレ, 未来の行方
THRIVE, Feeling Good
odol, 幸せ？
Thinking Dogs, 24:55
odol, 泳ぎだしたら
GARNiDELiA, Uncertainty
GARNiDELiA, Aquarium
GARNiDELiA, ミルクキャラメル
GARNiDELiA, はじめてのクリスマス
カーネーション, SUPER RIDE
カーネーション, その果てを心が
カーネーション, BABY BABY BABY
カーネーション, 霧のスーヴェニール
カーネーション, Highland Lowland
カーネーション, Rock On
カーネーション, I Know
カーネーション, マーキュロクロムと卵の泡
カーネーション, 海の叙景
カーネーション, Blue Black
SHISHAMO, ミルクコーヒー
Nothing's Carved In Stone," Deeper,Deeper"
大江裕, あなた
大江裕, 涙そうそう
大江裕, ダンシング・オールナイト
中田裕二, Little Changes
中田裕二, 口ほどにもない
中田裕二, 魔性
中田裕二, こまりもの
LiSA, 明け星
中田裕二, PALE STRANGER
LiSA, 白銀
Stone Flower Blooms, JUST FOR A WHILE
高橋玄, そこなし
ermhoi, Dream Land Song
Cwondo, Lulala
Cwondo, Bowyer
Cwondo, Circle
Cwondo, Nall
Cwondo, 108
Cwondo, Skydriving
Cwondo, Redngreen
Cwondo, Sayounarabyebye
Cwondo, Droro
Cwondo, Somewhere
Cwondo, Frnmy
Argonavis, きっと僕らは
宮下遊, bystander
Kitri, シンパシー
宮下遊, ファントムレイド
PEDRO, 吸って、吐いて
PEDRO, ぶきっちょ
PEDRO, 魔法
PEDRO, 死ぬ時も笑ってたいのよ
PEDRO, 安眠
PEDRO, いっそ僕の知らない世界の道端でのたれ死んでください
PEDRO, 万々歳
mabanua, Coffee Excess feat. Orono (Superorganism) & Lennon
古川慎, 灰硝子
古川慎, Craving
古川慎, Forsaken kiss
古川慎, 夕凪を連れて
三丘翔太, よこはま埠頭
逆流, 序樂
DISH//, 揺れてゆく
DISH//, Shout it out
DISH//, B-BOY
AKIHIDE, 綿毛のシェルター
KANA, OSAKA～夕暮れて～
安藤裕子, UtU
安藤裕子, ReadyReady
安藤裕子, All the little things
安藤裕子, Toiki
安藤裕子, 少女小咄
安藤裕子, 僕を打つ雨
安藤裕子, teatime
安藤裕子, Goodbye Halo
CHIHIRO, 恋人ごっこ
安藤裕子, 衝撃(album ver.)
関ジャニ∞, フリーシーズン
関ジャニ∞, ヒカリ
関ジャニ∞, みかん
関ジャニ∞, 凛
関ジャニ∞, 8beat
関ジャニ∞, 町中華
関ジャニ∞, ひとりにしないよ
関ジャニ∞, 関ジャニ∞ on the STAGE
関ジャニ∞, Re:LIVE
関ジャニ∞, ココロに花
スターダスト☆レビュー, やっぱり会いたいよ
関ジャニ∞, サタデーソング
ストレイテナー, 群像劇
ストレイテナー, 七夕の街
Angelo, COUNTDOWN
Angelo, VOICE
Angelo, PIERCE THE SKY
Angelo, PURELAND
Angelo, スーサイドゲーム
Angelo, ガイア
Angelo, 砂の城
Angelo, SIGHT
Angelo, LINKAGE
谷山浩子, よく見えない子供
Angelo, CONNECTED NEW CIRCLES
谷山浩子, 鯨のため息(full version)
谷山浩子, 箱の中にいる
谷山浩子, 水晶散歩
谷山浩子, 雨
谷山浩子, 双子の鳥
谷山浩子, なおちゃん
谷山浩子, ROLLY＆谷山浩子のからくり人形楽団
谷山浩子, 箱の中にいる(MTRデモ)
谷山浩子, 春のさけび(初DAWデモ)
NEWS, JUNK
NEWS, Running
おはガール from Lucky2, Lucky Time
Kroi, pith
Kroi, Rafflesia
Kroi, WATAGUMO
Kroi, おなじだと
にしな, debbie
花譜, イマジナリーフレンド
映秀。, 脱せ
映秀。, 失敗は間違いじゃない
映秀。, 忘れ物
映秀。, 諦めた英雄
映秀。, 共鏡
Omoinotake, EVERBLUE
Omoinotake, 漂流教室
なんキニ！, 聖なる夜のシンデレラ
GYROAXIA, AMBIGUOUS
相谷レイナ, Translucent
相谷レイナ, Randomizer
相谷レイナ, Vanilla
相谷レイナ, Cells
相谷レイナ, ParadigmSavage
相谷レイナ, Worms
リアクション ザ ブッタ, Yadorigi
相谷レイナ, Daydream
リアクション ザ ブッタ, Seesaw
リアクション ザ ブッタ, Colorful
リアクション ザ ブッタ, 所心表明
リアクション ザ ブッタ, Overfilm
リアクション ザ ブッタ, untitled
リアクション ザ ブッタ, Coffee Cup
土岐隼一, 真心に奏(TV edit)
土岐隼一, all well and good
金泊, 久逢知己
檸一, 為夢奔跑
DisCover, 浮塵紀
祝一可, 龍舌蘭
IDOLATER, Laugh&Live!
IDOLATER, 消せない・・・
景子謙, 你故事裡的我
團契遊樂園, 祢是我嚮往
馬條, Intro
韓東, 愛在北緯53
詩生, 山河圖
アップアップガールズ(2), 手さぐりLovin'ぎゅー
馬條, 敕勒川
馬條, 邊邊
馬條, 塞外
張維佐, Voice Mail
三辦木, 披荊斬棘 (Covered With Thorns)
艾凌, 白色翅膀
裝咖人, 拜塗虱
裝咖人, 羅漢
樺澤まどか, 卑屈のうた
樺澤まどか, 夢
何龍雨, 真正的朋友
紅香蕉樂隊, 悲傷狂歡
吳蔚恩, 我十歲了
吳蔚恩, 我的家
吳蔚恩, 你家在哪裡？
吳蔚恩, 早安／早餐
吳蔚恩, 你從哪裡來？／我從泰安鄉來
吳蔚恩, 河川與山嶽/山與溪
吳蔚恩, 太陽出來了
吳蔚恩, 白雲／白色的雲
吳蔚恩, 下雨啦
吳蔚恩, 田園
光頭華夏, 翻山海赴未來
ERONE, Japandemic
夢靜美, 如果愛還在
吳琬怡, 傷心的玫瑰
TO1, Realize(Intro.)
TO1, No More X
TO1, GOLDEN
TO1, Prayer
TO1, In My Light
TO1, Mirage
TO1, No More X(English Ver.)
湯組, 探底
非心聞, 讓這風繼續吹
尹晨, 情緒避難體
江亞朋, 詩意北墘
nazca, Pinokio
nazca, Don't think (feat. YNG JOES)
張新成, 榮耀天成
華武藝, 失格
黃志文, 相遇
美炎 -BIEN-, 鼻水木
美炎 -BIEN-, 鼻吹雪
なにわ男子, 夢わたし
なにわ男子, What a funky time!!
なにわ男子, 初心LOVE
なにわ男子, Starting Bell
なにわ男子, NANIWA'n WAY
朱雅瓊, Hello，撒呦哪啦
李映霏, 海王星
李映霏, Child Of The Universe
李映霏, Hold
李映霏, 通靈 Psychic
李映霏, Home
趙珂, 心動
あべりょう, 不燃素材で織り上げた衣装
白皮書樂隊, ASHES
炎亞綸, Do U Think Of Me
炎亞綸, Vacation
JUVENILE, GIMME THAT (feat. 向井太一)
炎亞綸, Waiting In Line
炎亞綸, Who Do You Think You Are
炎亞綸, Celebrate
炎亞綸, I'll Be On Mars
炎亞綸, Get 2 U
MADBOII, TRIPPIN
許龍川, 半生
黃瑋昕, Unknown Notice(Intro)
YOASOBI, Comet
黃瑋昕, Goodbye :(
黃瑋昕, A Lie
YOASOBI, Haven't
YOASOBI, Encore
YOASOBI, Tracing A Dream
学芸大青春, Sugar
CYNHN, レア
神様、僕は気づいてしまった, 青春のふりをした
彈藥庫樂隊, 墜落
佐々木恵梨, ロッホと旅
SHARE LOCK HOMES, チェリオ！
魏紫祺, 農民工我的好兄弟
2AM, I Can′t
2AM, Should′ve Known
2AM, No Good In Good - Bye
亜咲花, See The Light
2AM, Propose
2AM, Always Me
姜銘楊, 一個人
廖凱杰, Bittersweet
阿洋Ayz, 臨界點
南壽あさ子, 呼吸のおまもり
謝婉霖, 拉斯維加斯的眼淚
津山微笑, 女の望郷
津山微笑, 人生みちゆき夢のれん
津山微笑, 播磨灘恋歌
足浮梨ナコ, FLYゐ!!
足浮梨ナコ, pe-su
夜のひと笑い, ワライカタ
大山まき, Dinosaur
Ariji Joe, Tokyo 20
49, Crossroad
シーズ, Fly and Fly
Ariji Joe, cinnamon feat.Edbl
49, Tema de 49
シーズ, OH MY GOD
Ariji Joe, Kaori
Ariji Joe, :D:D:D feat.Chloe
汚れなきティッシュ, 汚れなきR＆R
にゃんバラファイターズ, 夢見る世界
にゃんバラファイターズ, addiction.v.f～本気を見せなさい～
平成スライム, 肉肉肉肉肉～食の暴力～
なんちゃら診療所, 元気の診察
ぺぺ一番, ハッピーで行こうぜ！
ぺぺ一番, 空飛ぶトナカイ
なんちゃら診療所, 戦え!!内臓脂肪
みでぃ, ゴルゴダ アルゴリズム
超学生, Innocent Tyrant
イルカ, 聖家族
田中あいみ, 孤独の歌姫
EASTOKLAB, 秘密
田中あいみ, シニカル・レイン
田中あいみ, 涙のリバー
EASTOKLAB, Hurts
Runny Noize, 音の鳴る方へ
森山愛子, ひとり風の盆
森山愛子, みれん花
ハンバート ハンバート, ねぎらい
花咲ゆき美, フォーエバー・マイフレンズ～永遠の友よ～
三代沙也可, さやかの三度笠
秋岡秀治, 笹小舟
千葉げん太, 一匹狼
千葉げん太, 女の背中
東京スカパラダイスオーケストラ, Make Your Sweet Memories
三代沙也可, おけさ恋港
秋岡秀治, なぁ女将
Myuk, 星に願いを
K:ream, 光と影
K:ream, Dark Oak
Damian Hamada's Creatures, 謝肉祭
Damian Hamada's Creatures, 魔界美術館
BUZZ-ER., Feel Good
BUZZ-ER., ブザービーター
BUZZ-ER., サクラエビデンス
BUZZ-ER., Life is da show
BUZZ-ER., will
JYOCHO, みんなおなじ
亜咲花, BELIEVE MYSELF
亜咲花, RED ECLIPSE
超特急, 같이 가자
亜咲花, Bravery Song
超特急, Yodelic Fire
超特急, Добрый день
超特急, Chill out @JP
超特急, Holtasoley
超特急, Dance Dance Dancing！
超特急, Te quiero mucho
超特急, Cead Mile Failte
浦田直也, lose yourself
串田アキラ, ダイヤル回せ!ゼンリョクゼンカイオー
浦田直也, Da Da Da Dancing
髭, おうちへおかえり
Zwei, 歩-Fu-
髭, Tour
髭, 思い通りいかないもん
髭, yy
BACK-ON, Beyond sadness
BACK-ON, Down
BACK-ON, WAVES
BACK-ON, Stay Real
BACK-ON, Kill the Beat feat.JESSE
BACK-ON, Loser
BACK-ON, Still in my heart
BACK-ON, Bring the Noise
BACK-ON, NEVER FREEZE feat.MICRO
BACK-ON, SKY WALKER
SunSet Swish, SHACHIKU
影山ヒロノブ," HEROES, BE AMBITIOUS!"
内田彩, Canary Yellow
結城アイラ, A Promise
(sic)boy, BLACKOUT SEASON feat. phem
PK shampoo, 星
PK shampoo, 白紙委任状
PK shampoo, 天王寺減衰曲線
PK shampoo, 夜間通用口
PK shampoo, 市營葬儀
PK shampoo, 零点振動
PK shampoo, 奇跡
PK shampoo, 3D/Biela
PK shampoo, 京都線
PK shampoo, m7
PK shampoo, 君の秘密になりたい
PK shampoo, 二条駅
燐舞曲, [Re]termination
燐舞曲, Celsius
Who-ya Extended, WⅡ -prologue-
Who-ya Extended, Wander Wraith
Who-ya Extended, Discord Dystopia
Who-ya Extended, MESSY WORLD
Who-ya Extended, 透明な花
Who-ya Extended, Wasted Dawn
Who-ya Extended, WII -epilogue-
≠ME, まほろばアスタリスク
eill, 23
≠ME, 誰もいない森の奥で一本の木が倒れたら音はするか？
≠ME, ワタシアクセント
楠木ともり, narrow
楠木ともり, よりみち
EMPiRE, Chase your back
EMPiRE, IZA!!
EMPiRE, To continue
EMPiRE, FLY! SiNG! CRY! TRY! SMiLE!
EMPiRE, ERROR
EMPiRE, RiNG to the BRiGHT FUTURE
EMPiRE, HON-NO
鈴木みのり, サイハテ
EMPiRE, Hey!Hey!
マジカル・パンチライン, カルミア
MAPA, 聴く薬
MAPA, レディースクリニック
MAPA, 真夏の卒業式
MAPA, MAPA応援歌
MAPA, 蒼夜ミルキーロード
イケてるハーツ, SING・LA・BANG・SHOW!
ABBA, I Still Have Faith In You
ABBA, When You Danced With Me
ABBA, Little Things
ABBA, Just A Notion
ABBA, I Can Be That Woman
ABBA, Keep An Eye On Dan
ABBA, Bumblebee
ABBA, Don't Shut Me Down
ABBA, No Doubt About It
ABBA, Ode To Freedom
鄭俊日, 366days
張芸菁, 大不了
張芸菁, 過分的安靜
Zhuang Huihui, 等等吧 (Wait For It)
Oac, What U Doin
鮑越, 逆向行駛
MASH, 壊れたJukebox
半崎美子, 地球へ
劉夫陽, Night Shift
Crystal Kay, ひとりじゃないから
李宸希, 沒有的光
Buyer Client, dabscription
なかねかな, ビジネスパートナー
鈴木このみ, 命の灯火
鮑越, 我好想早點遇見你
HUR, Intro
HUR, Feels Like Rain
HUR, Outro
田中ヒメ, 花れ話れ
鈴木ヒナ, Resistance!
蘭花刀, 貳肆陸伍
nano.RIPE, 声鳴文
nano.RIPE, 花に雨
nano.RIPE, オーブ
nano.RIPE, リリリバイバー
